Institution,AcademicYear,Buildings,FloorArea_m2,Energy_kWh,Water_m3,CarSpaces,CycleSpaces,RenewablesPct,Scope12_tCO2e
Aberystwyth University,2015/16,152,210351.0,43066612,205811,2525,342,0.2,12697.5
Aberystwyth University,2016/17,152,219625,40529384,159903,2525,342,0.5,10801.0
Aberystwyth University,2017/18,152,219625,44262254.2,188898,2930,342,0.4,10103.0
Aberystwyth University,2018/19,688,263320.9,44414640,254265,2930,362,0.4,9823.7
Aberystwyth University,2019/20,688,260123.4,39779682.3,223912,2329,362,0.4,8322.0
Aberystwyth University,2020/21,688,260123.4,42021875,194583,2529,362,0.4,8336.3
Aberystwyth University,2021/22,688,260123.4,42374991.0,257117.6,2354,362,0.4,8135.3
Aberystwyth University,2022/23,688,260123.4,37876982.0,279141,2408,362,100,7298.3
Aberystwyth University,2023/24,688,260123.4,35699042,364580.0,2408,362,100,6688.3
Aberystwyth University,2024/25,688,260123.4,34145133,255027,2408,362,100,6019.5
Bangor University,2015/16,168,214005,38550858,153403,1951,685,0,11190.1
Bangor University,2016/17,168,217655,36993083.3,156762.6,1951,685,0,9686.6
Bangor University,2017/18,171,222679,35409226.9,141169.0,1951,685,0,8202.2
Bangor University,2018/19,172,230234.8,34206745.5,152108.5,1814,685,,7589.8
Bangor University,2019/20,168,234102.2,33056205.6,118212,1819,685,42.5,6886.0
Bangor University,2020/21,168,234102.2,33973409.4,83718.5,1819,685,38.1,6707.3
Bangor University,2021/22,168,234102.2,34776598.8,120034.6,1819,685,27,6602.2
Bangor University,2022/23,168,234102.2,32600032.5,129867.3,1819,685,0,6401.4
Bangor University,2023/24,168,234102.2,31863352.0,110999.7,1819,685,0,6243.3
Bangor University,2024/25,171,237324.2,29910378.7,115696.2,1819,685,0,5459.7
Cardiff Metropolitan University,2015/16,50,93408,15909605,62287,1605,530,0,4463.3
Cardiff Metropolitan University,2016/17,51,95648,16352882,66361,1605,530,0,4139.6
Cardiff Metropolitan University,2017/18,52,95694,17416309,67233,1605,530,39.2,3894.6
Cardiff Metropolitan University,2018/19,53,97041,15952682,65394,1605,530,41.3,3419.6
Cardiff Metropolitan University,2019/20,53,97041,13979894,63611,1640,530,40.1,2847.9
Cardiff Metropolitan University,2020/21,53,97041,12671270,46474,1640,530,38.7,2457.4
Cardiff Metropolitan University,2021/22,53,97041,14814158,73687,1640,530,54,2758.2
Cardiff Metropolitan University,2022/23,53,97041,15980647,81235,1640,530,37.6,3063.3
Cardiff Metropolitan University,2023/24,53,97041,14474222,86582,1640,530,50.7,2793.8
Cardiff Metropolitan University,2024/25,53,97041,12465219,76613,1640,530,30.4,2244.3
Cardiff University,2015/16,288,451363,102125646.0,366089,1843,3151,100,29662.9
Cardiff University,2016/17,291,452325,113464935.0,366438,1953,3305,100,29372.9
Cardiff University,2017/18,293,457642,118715071.9,323210,1990,3554,100,26963.4
Cardiff University,2018/19,290,462583,116383275.9,367477.5,2078,3554,100,24705.5
Cardiff University,2019/20,288,492229,113871037.6,380883.2,1970,3554,100,23230.3
Cardiff University,2020/21,288,489094,118410011.8,324115.4,1732,3554,100,23037.0
Cardiff University,2021/22,301,545578,129597910.8,307887.7,1873,4090,100,24230.9
Cardiff University,2022/23,301,545578,123162392.9,323723,1873,4090,100,23843.4
Cardiff University,2023/24,298,542938,122026236.0,240133,1873,4090,100,23595.2
Cardiff University,2024/25,256,532968,118339564.7,341751.9,2063,4090,100,21336.4
Imperial College London,2015/16,118,520148,259269125,819500,893,2224,0,75745.7
Imperial College London,2016/17,105,531156,235777468,673872,893,2224,0,75787.1
Imperial College London,2017/18,113,534196,248142427,625438,1276,2610,0,58539.0
Imperial College London,2018/19,123,558847,209932547.3,676100,1408,2713,0,55268.5
Imperial College London,2019/20,117,570967,208643944,760939.0,1408,2713,100,55590.5
Imperial College London,2020/21,105,592605,223678630.4,451599,735,3143,100,57972.2
Imperial College London,2021/22,115,588084,238054054,402125.2,735,3143,100,55259.2
Imperial College London,2022/23,119,591541,228663780.0,377532,735,3143,100,50941.5
Imperial College London,2023/24,114,596683,217875091,363545.7,402,3045,100,42411.4
Imperial College London,2024/25,114,582134,212273953,360014.0,402,3141,100,45669.7
King's College London,2015/16,88,420639.9,127972473,329409,,667,0,39012.8
King's College London,2016/17,91,444578.3,132939408.3,338627.3,,1000,0,36532.0
King's College London,2017/18,89,449526.8,139646881,407367,151,989,54,32663.7
King's College London,2018/19,92,452105.5,138724947.7,332289.5,151,1208,61,30616.9
King's College London,2019/20,88,434646.7,116982533.3,646705,151,1171,58,24506.5
King's College London,2020/21,80,436349.3,131536236,340453,79,1179,59,25908.8
King's College London,2021/22,78,430955.4,130692081.8,305992,79,1157,45,24559.2
King's College London,2022/23,78,443606.8,135747156.2,378408,154,1247,9,26616.2
King's College London,2023/24,79,445351.5,131839075.8,409234,154,1248,8,25968.5
King's College London,2024/25,80,446184.7,129984987.5,326205,154,1279,13,23485.6
London School of Economics and Political Science,2015/16,43,187079.6,36536115,211535,56,484,94.6,10948.6
London School of Economics and Political Science,2016/17,43,186934.6,36226210,216110,56,476,98.4,9700.2
London School of Economics and Political Science,2017/18,43,186966,37998072,196997,56,492,98.4,8718.5
London School of Economics and Political Science,2018/19,44,203005.9,37244400,199335,56,538,100,8089.5
London School of Economics and Political Science,2019/20,44,201884.1,34105771,153957,56,667,99.9,7003.6
London School of Economics and Political Science,2020/21,41,196783.5,37696715,143511,60,715,99.8,7320.3
London School of Economics and Political Science,2021/22,42,214376.2,42136548,177184,60,999,99.1,7877.2
London School of Economics and Political Science,2022/23,42,213208.7,38263359,178154,58,1007,99.5,7422.1
London School of Economics and Political Science,2023/24,43,213339.2,36525993,197587,58,993,100,7098.7
London School of Economics and Political Science,2024/25,44,225262.8,36144642,187359.7,58,993,100,6486.0
Newcastle University,2015/16,263,429723.8,123451073.0,400526.0,881,2056,0,35427.6
Newcastle University,2016/17,252,426280.5,119570237,335297,676,2073,0,31600.2
Newcastle University,2017/18,239,454819.0,115734123,331254,728,2040,76.1,26665.1
Newcastle University,2018/19,244,486754.7,124112915.1,311883,830,2029,70.6,26774.6
Newcastle University,2019/20,236,497529.2,111593502.0,290524.5,1124,2150,36,22808.3
Newcastle University,2020/21,230,501720.5,110328300.2,226976,903,2103,38.7,21572.1
Newcastle University,2021/22,230,490051.8,116524430.0,286268,935,2103,33.8,21858.6
Newcastle University,2022/23,220,487550.3,110082796.5,294287.1,997,1997,42.3,21546.1
Newcastle University,2023/24,209,496852.7,108700150.9,308836,989,2466,41.2,21166.0
Newcastle University,2024/25,179,462027.3,96275737.3,245146,859,2295,14.9,17301.7
Queen Mary University of London,2015/16,77,228749,73828832.6,254679,218,1018,0,22325.0
Queen Mary University of London,2016/17,85,238010,69051422,167001.5,255,910,0,18722.0
Queen Mary University of London,2017/18,85,238677.9,70590032,254679,220,895,0,16810.1
Queen Mary University of London,2018/19,88,256775.6,67938033,339247,220,1043,,15203.3
Queen Mary University of London,2019/20,89,257147.0,66771592,340846,220,963,,13925.3
Queen Mary University of London,2020/21,91,265324.8,66194988,208033,220,963,,13124.2
Queen Mary University of London,2021/22,91,264929.6,60787821,468493.0,235,1013,,11549.5
Queen Mary University of London,2022/23,92,265448.3,60401992.6,238826.2,235,1013,,11840.8
Queen Mary University of London,2023/24,92,267829.2,61999974.5,366249.3,226,881,,12182.8
Queen Mary University of London,2024/25,93,270239.6,60709055.7,257692.8,226,881,,10903.9
Queen's University Belfast,2015/16,230,329237,97593065,299439,1402,990,,24752.3
Queen's University Belfast,2016/17,232,345312,90972806,257734,1376,1006,,22950.1
Queen's University Belfast,2017/18,234,345795,95226950,263623,1270,1074,,21882.8
Queen's University Belfast,2018/19,237,397670,96491304,315655,1290,1426,,22419.8
Queen's University Belfast,2019/20,237,397670,113497540,188651,1290,1426,,21061.8
Queen's University Belfast,2020/21,237,397670,105292168,600977,1290,1426,,22501.8
Queen's University Belfast,2021/22,237,397670,99621645,334090,1290,1530,,21117.0
Queen's University Belfast,2022/23,268,425595,96842418,228326,1290,1554,100,20154.8
Queen's University Belfast,2023/24,268,426394,94813729,171939,1282,1594,100,20773.8
Queen's University Belfast,2024/25,268,425167,92955630.5,163967.7,1282,1594,100,18441.3
Swansea University,2015/16,152,250355.4,60269433,279613,1725,980,65,17602.5
Swansea University,2016/17,142,247121.5,65988288,284461,1700,980,100,18270.2
Swansea University,2017/18,137,251679,69432490,289002,1640,1020,100,16151.8
Swansea University,2018/19,150,266798.7,70647391,249106,1630,1020,100,15170.1
Swansea University,2019/20,103,264266.8,62804613,239816,1630,1020,100,12866.4
Swansea University,2020/21,104,256013.7,66517711,199076,1630,1020,100,13246.9
Swansea University,2021/22,101,255212.2,62832326,221705,1630,1020,67,11685.1
Swansea University,2022/23,101,261217.5,63195485,251720,1776,1020,0,12142.1
Swansea University,2023/24,85,248334.6,56345527.1,347572.6,1776,1030,0,10763.1
Swansea University,2024/25,83,245733.8,54181867.1,193985,1776,1030,0.5,9516.8
University College London,2015/16,223,561241,222626370.8,510170,,742,0,66780.5
University College London,2016/17,216,561128,228906545.2,518375.8,,1584,0,62065.4
University College London,2017/18,249,627839.5,242937730.1,542383.6,,1694,0,58098.9
University College London,2018/19,253,645451.8,241572061.7,573408.5,,1694,0,54580.6
University College London,2019/20,252,669493.7,229483264.1,697451,,1694,39.5,49821.6
University College London,2020/21,244,671939.4,230626691.2,662114.9,,1854,39.7,47943.3
University College London,2021/22,244,677158.8,234193323.9,345245,,2457,44.3,45673.5
University College London,2022/23,240,694356.1,242863937.5,336244,,2457,47.6,48081.1
University College London,2023/24,249,713426.1,244959378.4,421892,,2457,48.3,49176.1
University College London,2024/25,237,738433.4,240851755.0,517044.7,,2457,49.3,44199.9
University of Birmingham,2015/16,194,531782.8,188255783,546734,3591,,0,46941.6
University of Birmingham,2016/17,192,538052.1,183605142,514775,3591,1446,0,45901.4
University of Birmingham,2017/18,199,542830.2,196537338,452841,3591,1500,0,48165.4
University of Birmingham,2021/22,295,550271.5,201996694,406232,3563,1805,100,42967.8
University of Birmingham,2022/23,287,569829.5,181925928,579891,3770,1805,0,40149.8
University of Birmingham,2023/24,281,662672.9,201605039,530924,3824,1805,0,43562.4
University of Birmingham,2024/25,244,598027,198634238,633314,3577,2642,0,40272.6
University of Bristol,2015/16,322,519042.5,146299317.4,378218,1738,3152,0,44402.7
University of Bristol,2016/17,327,522616.1,147845436,354088,1705,3316,29,39484.3
University of Bristol,2017/18,338,532986.9,145646765,387771,1826,3487,96.1,34367.4
University of Bristol,2018/19,338,534626.6,143786698,374342,1932,3443,99.5,32125.4
University of Bristol,2019/20,337,525594.2,134637393,283489,1835,3525,100,28477.8
University of Bristol,2020/21,329,532324.0,146924413,350011,1913,2734,44.7,29455.1
University of Bristol,2021/22,314,531502.8,135204996,336060,1962,3966,34,25674.6
University of Bristol,2022/23,313,540044.5,128578986.6,412455.1,1973,4008,9.6,25200.7
University of Bristol,2023/24,314,540462.6,113076306.4,370294.4,1982,4108,10.4,22153.2
University of Bristol,2024/25,315,536729.9,120745667.4,415608.1,1967,4108,13.6,21669.9
University of Cambridge,2015/16,344,644272.2,221326292.6,338656.4,3700,9000,9,68270.4
University of Cambridge,2016/17,345,660256.1,230727155,332580,3580,9000,8.8,65393.0
University of Cambridge,2017/18,369,685259.2,275334595,466002,3500,11000,11.7,65322.6
University of Cambridge,2018/19,372,723229.6,255974754,461578,3560,11120,0,57556.8
University of Cambridge,2019/20,378,743872.9,255757794,426953,3560,11120,4.8,53923.6
University of Cambridge,2020/21,383,725738.7,278229773,424785,3560,11120,8.8,55098.1
University of Cambridge,2021/22,389,738889.8,260058915,367600,3526,11200,0,49118.6
University of Cambridge,2022/23,379,736892.5,257272970,366717,3406,11200,0,50682.0
University of Cambridge,2023/24,375,771471.1,258580920,448158.1,3406,11400,0,51055.8
University of Cambridge,2024/25,372,771772.1,263887898,418409.2,3406,11400,0,47539.2
University of Durham,2015/16,313,362951.9,114153428,467377,3181,1562,0,30009.2
University of Durham,2016/17,312,356789.3,113078399,475893,3157,1562,0,27782.1
University of Durham,2017/18,314,369097.7,119678651,396530,3171,1523,0,26330.0
University of Durham,2018/19,379,382350.6,112549136,435748,2833,1523,35,23773.0
University of Durham,2019/20,389,388205.1,105135503,288260,3015,1846,33,21299.1
University of Durham,2020/21,386,424582,119277206,285659,3278,2061,31,23041.2
University of Durham,2021/22,393,421646.6,108498912.2,356219.4,3217,2061,24,20388.3
University of Durham,2022/23,329,408005.6,107041220,387765,3257,2066,0,20681.2
University of Durham,2023/24,427,378797.0,106110972,382539,3022,2086,0,20419.9
University of Durham,2024/25,431,398657.1,99431226,340829,3088,2424,9.7,17975.5
University of Edinburgh,2015/16,395,778617,243777807.2,562447,2901,4568,40,73365.3
University of Edinburgh,2016/17,399,785043,244235067.8,581265,2862,4995,26.6,68453.2
University of Edinburgh,2017/18,408,880930,255132568.5,508419.3,2803,5354,25.4,65718.1
University of Edinburgh,2018/19,434,877384,240910447,573025,2929,5678,36.7,61825.5
University of Edinburgh,2019/20,458,887032,259237062,441226,2535,5914,33.8,63016.5
University of Edinburgh,2020/21,458,919724,283752985.3,347297,2585,7582,30.5,64525.8
University of Edinburgh,2021/22,458,929082,282159945,381250,2495,7604,30.3,65070.0
University of Edinburgh,2022/23,480,931987,281200502,478925,2508,7942,28,62115.4
University of Edinburgh,2023/24,481,929985,284905537.0,369796,2508,8515,11.8,61200.1
University of Edinburgh,2024/25,476,931222,279883302,353682,2508,9089,9.1,56898.5
University of Exeter,2015/16,214,269752.4,61104727,266386.6,1991,,0,18521.2
University of Exeter,2016/17,213,279225.7,67381596.6,242980,1991,1610,0,18300.5
University of Exeter,2017/18,211,276090.9,67634939,234457,1986,1659,47.2,15956.7
University of Exeter,2018/19,213,279045.5,66050408.5,288298.6,1942,1689,47.6,14940.7
University of Exeter,2019/20,220,283550.4,62958093,328768.4,1936,1689,6.9,13494.9
University of Exeter,2020/21,221,284226.0,69024674.4,283289.2,1930,1689,41.4,13714.0
University of Exeter,2021/22,222,284257.4,74565775.1,406031.1,1846,1689,41.1,14168.1
University of Exeter,2022/23,247,304124.7,64575860.6,315385.5,1832,1912,49.1,12671.9
University of Exeter,2023/24,253,305299.7,69613087.3,439863.1,1815,3927,46.1,13584.7
University of Exeter,2024/25,253,299600.8,67037493.1,395540.8,1815,3927,25,11977.5
University of Glasgow,2015/16,297,387364.3,155245325.8,343969,2014,943,0,
University of Glasgow,2016/17,324,478853.1,145547667.1,293793,1797,959,0,39079.9
University of Glasgow,2017/18,323,487541.6,144946500,294272,1575,939,0,34843.9
University of Glasgow,2018/19,324,478584.6,129285173.2,256231,1632,985,0,29938.3
University of Glasgow,2019/20,319,473358.2,141348251.4,303238,1628,992,0,31050.1
University of Glasgow,2020/21,319,472725.2,138362992.2,232607.3,1483,1501,0,28859.9
University of Glasgow,2021/22,322,518509.1,141624710.9,269576,1598,1754,0,27666.5
University of Glasgow,2022/23,322,513238.6,143450931.1,296273,1535,1883,0,29005.5
University of Glasgow,2023/24,319,530601.9,125681328.3,283342,1513,2064,0,24402.6
University of Glasgow,2024/25,319,529193.2,158106494.9,223746,1511,2071,0,28762.6
University of Leeds,2015/16,319,569873,152417732,697754,2201,2346,0,45523.0
University of Leeds,2016/17,318,566464.1,161479380.0,758873.2,1991,2194,0,48478.5
University of Leeds,2017/18,301,555111.4,160097366.5,702015.6,1891,2214,0,45888.8
University of Leeds,2018/19,306,560962.1,175675909.4,701498.8,1893,2473,0,42411.5
University of Leeds,2019/20,359,576503.1,182113109.5,635172.9,1877,2612,0,43660.6
University of Leeds,2020/21,365,586550.6,183691562.1,630164.7,1881,2912,0,43565.3
University of Leeds,2021/22,366,619659.8,186200234.2,757973.8,2068,2912,41,43501.5
University of Leeds,2022/23,364,614739.6,173348203.2,803296.7,2068,2926,41,44412.7
University of Leeds,2023/24,347,619292.3,177150372.2,721483,2068,2926,41,44351.1
University of Leeds,2024/25,346,619010.8,168205342.4,641602,1983,2912,26,38046.9
University of Liverpool,2015/16,219,465605,198991964,320565,1870,713,100,40956.9
University of Liverpool,2016/17,213,474206,236895642,320914,1867,713,98,46212.2
University of Liverpool,2017/18,217,490206,206178530.3,321627.9,1900,745,7.6,43024.3
University of Liverpool,2018/19,216,488867,223189858.4,319348.0,1890,755,10.8,40803.7
University of Liverpool,2019/20,217,497985,153661827.8,294056,1890,755,8.8,39272.2
University of Liverpool,2020/21,216,489852,168708779,265681,1890,755,8.6,39147.8
University of Liverpool,2021/22,204,498076,205031871.2,316040.8,2741,755,8.8,38939.2
University of Liverpool,2022/23,204,498462,197532402.8,328241.6,2412,755,20.6,35073.0
University of Liverpool,2023/24,259,515464.2,192742692.5,317646.5,1791,755,18.3,34343.9
University of Liverpool,2024/25,234,514530,191948521.2,323194,1791,755,12.3,35941.1
University of Manchester,2015/16,228,876621,239372452.6,754314.5,3782,3000,0,67596.6
University of Manchester,2016/17,222,887985.2,233912862,807247.5,3767,3000,0,60233.3
University of Manchester,2017/18,219,878432.1,237358941.8,1125438.3,3669,3000,0,53838.8
University of Manchester,2018/19,211,884087.7,235523770.8,753244.9,3597,3000,0,50673.7
University of Manchester,2019/20,213,933790.9,241059625.7,670587.4,3597,3000,0,49377.1
University of Manchester,2020/21,217,940458.9,269289286.9,603511.0,3682,3000,0,52215.9
University of Manchester,2021/22,211,997957.0,256588606.6,690607.7,3674,3000,0,50197.5
University of Manchester,2022/23,202,889095.2,251904449.2,753082.8,3662,3000,0,53373.3
University of Manchester,2023/24,191,873719.4,221788306.5,651604.6,3662,3000,35.5,46852.3
University of Manchester,2024/25,190,868247.1,227916971.1,685990.9,3132,3000,35,45009.9
University of Nottingham,2015/16,363,646812.3,197970222.3,859124,4867,4907,0,55293.0
University of Nottingham,2016/17,353,646562,199062833,805338,4867,4951,0,50726.9
University of Nottingham,2017/18,364,667199.9,203767584,717542,4815,5097,0,46826.1
University of Nottingham,2018/19,367,673071.4,194315252.9,656375,5001,5157,0,42094.9
University of Nottingham,2019/20,418,678664.5,185363975,512636,5079,5162,0,38907.1
University of Nottingham,2020/21,455,682709.3,183259376,604552,4955,5162,0,37671.4
University of Nottingham,2021/22,454,689840.0,176302705,602996,4691,5162,0,34131.5
University of Nottingham,2022/23,461,717601.1,179045801,598786,4591,5131,0,34517.8
University of Nottingham,2023/24,465,716650.6,172124013.6,615933,4591,5189,0,33277.3
University of Nottingham,2024/25,379,727832.7,171845219,787713,4137,5189,0,30888.9
University of Oxford,2015/16,282,661663.7,205508249,440804,1861,4000,99,62717.1
University of Oxford,2016/17,236,608634,193620918.6,259901,1742,4238,100,53771.8
University of Oxford,2017/18,243,628321,221931727.5,326459.8,1721,4364,100,53079.4
University of Oxford,2018/19,248,643260,218529883,440350,983,4669,100,48970.7
University of Oxford,2019/20,248,643857,211853073,351421,2045,4670,100,44948.9
University of Oxford,2020/21,252,657720,239767886,484545,2045,4670,100,47676.9
University of Oxford,2021/22,255,666881,223307611.7,301691,1845,4820,100,42362.1
University of Oxford,2022/23,257,676125.1,228782142.7,298396,1845,4820,100,45006.6
University of Oxford,2023/24,258,670399.0,204819372,389695,1845,4820,100,40610.9
University of Oxford,2024/25,256,663397.1,217430395,389695,1845,5320,100,39462.7
University of Sheffield,2015/16,338,535460.5,133810332,488964.4,,,13.2,40350.3
University of Sheffield,2016/17,351,539404.8,131770558,464574.3,2035,2291,0,35549.4
University of Sheffield,2017/18,345,539787.4,137640547.7,482209.7,2200,2200,0,31945.4
University of Sheffield,2018/19,349,541966.0,134824740,433739,2340,2609,46.9,26266.0
University of Sheffield,2019/20,347,540037.3,122426529,399151,2391,2609,46.3,22530.9
University of Sheffield,2020/21,321,541216.0,125469287.5,372808.1,2388,2609,33.5,24529.4
University of Sheffield,2021/22,272,516433.6,131731800.9,418894.7,2341,2683,34.7,27971.1
University of Sheffield,2022/23,243,524719.7,134237463,453861,2556,2946,36.7,28700.1
University of Sheffield,2023/24,290,557232.2,130587397,488283,2528,2972,38,28339.6
University of Sheffield,2024/25,260,557663.2,124062906,374478,2459,2934,39,25566.7
University of South Wales,2015/16,128,215761.7,40055703.3,134666.3,3246,497,0,11573.8
University of South Wales,2016/17,130,220636.9,35520884.9,128841,3246,497,0,9439.8
University of South Wales,2017/18,129,192641.2,36523797.8,122892,3371,497,100,8408.9
University of South Wales,2018/19,129,220412.7,34957931.7,115624,3371,260,100,7527.4
University of South Wales,2019/20,84,208753.8,30320612.7,95912,2568,260,100,6298.9
University of South Wales,2020/21,91,184072.5,27751660.5,70226,2568,213,53.3,5382.6
University of South Wales,2021/22,91,184072.5,29932866.6,88940,2568,213,46,5556.3
University of South Wales,2022/23,85,180587.0,28852383.9,115466,2736,229,48,5361.8
University of South Wales,2023/24,84,182022.0,29894847.2,135355,2736,229,45,5597.4
University of South Wales,2024/25,83,159169.6,30184237,112814,2736,229,48,5344.5
University of Southampton,2015/16,399,437719.8,112507192,498012.9,3158,4130,,31655.8
University of Southampton,2016/17,414,438712,111501319.5,502985.8,3114,4154,,29465.7
University of Southampton,2017/18,402,431576.2,108891973.8,468074.1,2996,4154,,26861.7
University of Southampton,2018/19,403,443048.3,120585460.8,402333.6,3094,4364,,23952.1
University of Southampton,2019/20,,435475.9,95068449.0,351607.2,,,,22478.2
University of Southampton,2020/21,,441231.8,91961289,288587,,,,22131.7
University of Southampton,2021/22,,451840.3,98152919.1,400873,,,,22584.3
University of Southampton,2022/23,406,474677.6,100343899.6,373053.6,3253,6026,20.7,22609.4
University of Southampton,2023/24,365,475416.5,98385869.7,391395.5,2756,5986,23.8,21863.4
University of Southampton,2024/25,351,461473.4,99631755.8,365892.5,2658,6118,29.6,20489.6
University of Wales Trinity Saint David,2015/16,119,127947,25755469,54640,,,0,6693.1
University of Wales Trinity Saint David,2016/17,118,127845,25628134,63604,,,0,6143.8
University of Wales Trinity Saint David,2017/18,127,132237,25247111.7,50703,,,100,5531.4
University of Wales Trinity Saint David,2018/19,155,222745.9,24808391.6,36027.0,1415,170,100,5220.3
University of Wales Trinity Saint David,2019/20,119,141278.4,17786704.6,15599.7,1411,170,100,3512.6
University of Wales Trinity Saint David,2020/21,117,148919.3,19103513.0,23917.1,1435,182,100,3647.6
University of Wales Trinity Saint David,2021/22,117,143459.0,19184022.5,38710.3,1362,184,100,3593.5
University of Wales Trinity Saint David,2022/23,115,146762.2,18561974.4,34635.6,1362,184,0,3621.9
University of Wales Trinity Saint David,2023/24,111,146392.0,15948906.1,42261,1434,198,0,3095.9
University of Wales Trinity Saint David,2024/25,108,142673,14773831,62284,1427,198,0,2620.7
University of Warwick,2015/16,422,545497.8,149770083.1,565022.4,4245,2500,0,41019.6
University of Warwick,2016/17,423,493973.6,156889866.1,563182.4,5230,3000,0,39828.2
University of Warwick,2017/18,451,540256.0,171127190.2,589033.9,4980,3067,0,40790.9
University of Warwick,2018/19,455,571806.6,176765593.1,611511.8,5395,3185,0,40495.9
University of Warwick,2019/20,467,562786.8,163801649.2,527791.2,6315,3500,50,37795.2
University of Warwick,2020/21,432,565512.4,166473432.7,490188.2,6659,3600,50,38199.1
University of Warwick,2021/22,434,584629.9,168134829.0,538453.0,6640,3610,50,37949.5
University of Warwick,2022/23,418,579302.6,159854693.7,520835.2,6466,3700,0,37190.2
University of Warwick,2023/24,437,594795.9,158342429.2,525899.3,6169,3700,25.9,34196.6
University of Warwick,2024/25,436,589777.6,168405564.0,551666.4,6166,3650,30.1,33585.4
University of York,2015/16,242,364796,87154364.7,284584,2807,2996,,22139.2
University of York,2016/17,245,380912,89471475.2,301434.8,2449,3008,,22176.1
University of York,2017/18,301,419010,89532704.0,276060.8,2478,5348,,21622.6
University of York,2018/19,313,419010,89043801.1,286690,2366,5494,,20120.6
University of York,2019/20,328,419464.3,81252983.0,215143.8,2337,5555,,17429.4
University of York,2020/21,436,395054.2,91990053.2,206206.2,2492,6005,,19962.3
University of York,2021/22,436,384456.5,102506936.0,316742.7,1962,5555,,21371.2
University of York,2022/23,436,385148.1,99994102.9,326368,2191,5555,,21312.7
University of York,2023/24,434,378617.0,95091277.6,326119.5,2196,5555,,21240.2
University of York,2024/25,436,383658.0,86476146.9,326191.3,2196,5575,,21277.5
Wrexham University,2015/16,30,56629,12058887,24724,1368,72,60,3391.1
Wrexham University,2016/17,30,58204,11413156,34252,1368,72,60,2906.5
Wrexham University,2017/18,30,54763,12139515,17064,1368,72,50,2722.1
Wrexham University,2018/19,30,63554,11586662,29792,1368,72,36,2505.0
Wrexham University,2019/20,30,63554,10824149,25424,1368,72,36,2193.6
Wrexham University,2020/21,29,58593,10875985,17214,1384,72,33.4,2102.3
Wrexham University,2021/22,29,58593,10407853,23043,1340,72,38.8,1954.1
Wrexham University,2022/23,29,58593,10931637.7,21614,1340,72,38.6,2088.3
Wrexham University,2023/24,28,58073,10769830,26140,1340,72,38.8,2058.0
Wrexham University,2024/25,28,59974,10330513,21716,1340,72,40.7,1848.0
